3ntamburini,1gbaslyuwu,gatochic0,m4tiasmasjuan
lilyuwu416,m0quezada,tom4sgvuwu
drpinto1,lilyuwu416,m0quezada,j1rarrazabal
b1martinez
gatochic0,Sug4rFreeManatee,szabal4uwu,m4tiasmasjuan,J0sefaPaz
aljara97,barbara1m,tom4sgvuwu,Juanuwu379,Danckoo1
DCColla0,m4tiasmasjuan,jfuentesg26
j1torcas,szabal4uwu,m4nareauwu,J0sefaPaz,KnowYourselve5,jeschuw1rth
jeschuw1rth,Mpsubiabr3,drpinto1,Danckoo1,Lucasprat0
m4tiasmasjuan
S4mWeinstein,gatochic0,drpinto1,ccs4ntiagopaz,J0sefaPaz,aljara97
bvasqu3zm,m0quezada
Mpsubiabr3,m4nareauwu,Danckoo1,lucast4ck,j1torcas
m0quezada
szabal4uwu,k4droguett,Dnpoblet3
k4droguett,j1rarrazabal,Alonsinho1
Danckoo1,bvasqu3zm,barbara1m,Lucasprat0,KnowYourselve5
KnowYourselve5,v1centevegaulloa,j1rarrazabal
Dnpoblet3,luc4svsj,J0sefaPaz
j1rarrazabal,lucast4ck,Dnpoblet3
Tito0906
MatiasDuhald3,barbara1m
v1centevegaulloa,KnowYourselve5,Danckoo1,Tito0906,k4droguett
jbuln3ss,Alonsinho1
cristoz1lle
J0sefaPaz,3ntamburini
m4nareauwu,jeschuw1rth,nabenit3z,cristoz1lle,KnowYourselve5,DCColla0
tom4sgvuwu,bvasqu3zm,Sug4rFreeManatee,b1martinez,aljara97,MatiasDuhald3
lucast4ck,luc4svsj,javisaavedr4
javisaavedr4,Juanuwu379
Juanuwu379,jbuln3ss,b1martinez
Lucasprat0,Dnpoblet3,szabal4uwu,cristoz1lle
jfuentesg26,Sug4rFreeManatee,S4mWeinstein,Danckoo1,jeschuw1rth,lilyuwu416
nabenit3z
ccs4ntiagopaz,v1centevegaulloa
1gbaslyuwu,S4mWeinstein,bvasqu3zm
barbara1m,ccs4ntiagopaz,Alonsinho1,bvasqu3zm
luc4svsj,gatochic0,m0quezada,m4tiasmasjuan
Sug4rFreeManatee,bvasqu3zm,aljara97,DCColla0
Alonsinho1,j1torcas,m4tiasmasjuan,Tito0906,MatiasDuhald3,lucast4ck
