15327986-1,Basil,1531,Las Condes
48694429-3,Illana,4863,La Cisterna
68449531-6,Hayden,6846,Quellón
40661667-3,Xavier,4063,Quillota
21923886-K,Ezra,219K,Río Bueno
39640910-0,Morgan,3960,Lota
65021589-7,Hollee,6507,Chillán
60124503-5,Jonah,6015,Pinto
28131998-1,Emerald,2811,El Quisco
50144174-0,Kaden,5010,Lago Ranco
37434290-8,Alan,3748,Ollague
35292098-3,Amal,3523,Machalí
36933637-1,Bert,3691,Puyehue
21828583-K,Zeus,218K,Los Sauces
12877626-5,Isabelle,1285,San Nicolás
21133699-4,Lavinia,2114,Molina
35422148-9,Hyatt,3549,Coihueco
71166587-2,Lester,7112,Salamanca
16830853-1,Caesar,1681,Salamanca
42278712-7,Patricia,4227,El Tabo
20224541-2,Curran,2022,Máfil
47683380-9,Keith,4769,Contulmo
39704625-7,Caryn,3977,Hualpén
15106144-3,Stuart,1513,Colchane
48627168-K,Ignatius,486K,San Pedro de Atacama
16722206-4,Ezra,1674,María Pinto
34625421-1,Ingrid,3461,Panguipulli
11697242-5,Jorden,1165,Cholchol
38304003-5,Maisie,3835,Castro
17376151-1,Mark,1731,Canela
38978250-5,Velma,3895,Angol
38932535-K,Berk,389K,Carahue
19448182-9,Cody,1949,San Ignacio
50118544-4,Felicia,5014,Pudahuel
13836213-2,Bradley,1382,General Lagos
18563328-4,Rhea,1854,Cochrane
77738528-2,Zephr,7772,Cholchol
57771521-6,Orlando,5776,Río Verde
38709529-2,Zena,3872,Lolol
37162528-3,Fitzgerald,3713,Ancud
39272661-6,Hu,3926,Contulmo
13429450-7,Donovan,1347,Villa Alegre
14277910-2,Josephine,1422,Loncoche
11933464-0,Barry,1190,Pelarco
37357859-2,Barrett,3732,Romeral
13540663-5,Quinn,1355,Santa Juana
50230267-1,Dakota,5021,Purén
32385287-1,Rooney,3231,Las Condes
32642799-3,Stewart,3263,Camiña
34266501-2,Kalia,3422,Freirina
49170277-K,Rahim,491K,Quirihue
42423425-7,Jack,4247,Illapel
38310545-5,Melyssa,3835,Río Hurtado
16545503-7,Frances,1657,Corral
48890682-8,Angela,4888,Río Ibáñez
46768504-K,Kelsie,467K,Limache
11161701-5,Gillian,1115,Macul
27874017-K,Russell,278K,Chépica
33797040-0,Coby,3370,Peralillo
48814179-1,Barbara,4881,Melipeuco
73502598-5,Nichole,7355,Contulmo
35361413-4,Michael,3534,Tiltil
47061119-7,Barbara,4707,Cauquenes
13345616-3,Yvette,1333,Molina
98982587-6,Graiden,9896,San Antonio
36605830-3,Alden,3663,Santa Bárbara
29024814-0,Donna,2900,Cerrillos
10806700-4,Travis,1084,Cabrero
26508293-9,Caryn,2659,Paine
29336620-9,Audrey,2939,Curacaví
50676910-8,Regina,5068,Papudo
50395695-0,Brent,5030,El Quisco
29362972-2,Suki,2932,Puyehue
32386198-6,Clare,3236,Carahue
46040102-K,Tobias,460K,Ninhue
16428349-6,Boris,1646,Catemu
41228054-7,April,4127,Talagante
19249479-6,Katell,1926,Ñiquen
53030506-8,Halla,5308,Coínco
31550106-7,Tate,3157,General Lagos
49895886-9,Lyle,4989,Lumaco
88010591-4,Ava,8804,Yumbel
43812609-0,Ebony,4380,Cochamó
28787495-2,Mohammad,2872,Buin
44358528-1,Kaseem,4431,Chillán Viejo
34546639-8,Rylee,3458,Curarrehue
23976949-7,Molly,2397,Natales
37629996-1,Larissa,3761,Chonchi
33828569-8,William,3388,Coínco
12056838-8,Lee,1208,Río Hurtado
11749639-2,Daphne,1172,Rancagua
49410677-9,Pamela,4949,San Rosendo
24236698-0,Ruth,2420,Chillán Viejo
19164500-6,Beau,1916,Camiña
46138249-5,Stella,4615,San Juan de la Costa
32554636-0,Adrian,3250,Pelluhue
21105739-4,Selma,2114,Cerrillos
28142099-2,Sydnee,2812,Cauquenes
33694034-6,Leandra,3366,La Calera
