392726616,Los Ángeles,Casablanca
50.144.174-0,Andacollo,Chimbarongo
424234257,Quinta de Tilcoco,Coínco
47.683.380-9,La Cruz,Calera de Tango
38.709.529-2,Lolol,Parral
16428349-6,Catemu,Lago Ranco
16722206-4,María Pinto,Curepto
29.362.972-2,Torres del Paine,Machalí
88010591-4,Yumbel,Conchalí
119334640,Talagante,Lago Verde
397046257,Hualpén,La Cisterna
369336371,Puyehue,Negrete
396409100,Ñiquen,Maule
265082939,Ollague,Maule
142779102,Purranque,Doñihue
35.361.413-4,General Lagos,Santa María
13429450-7,Cisnes,Los Lagos
488906828,San Ramón,Constitución
18563328-4,Cochrane,San Juan de la Costa
338285698,Coínco,Algarrobo
33797040-0,Peralillo,San José de Maipo
153279861,Las Condes,Huara
287874952,Macul,San Ignacio
57771521-6,Galvarino,Aisén
38304003-5,Talcahuano,Huara
28.131.998-1,Saavedra,Constitución
12.877.626-5,El Tabo,Combarbalá
20224541-2,Máfil,Linares
15106144-3,Colchane,Chimbarongo
486944293,La Cisterna,Pucón
71.166.587-2,Treguaco,Pudahuel
27.874.017-K,Chépica,General Lagos
48627168K,El Bosque,Yungay
315501067,Traiguén,Independencia
488141791,Alto Hospicio,Freire
13540663-5,Santa Juana,Quintero
40.661.667-3,Rinconada,Juan Fernández
42.278.712-7,Peñalolén,Pencahue
438126090,Cochamó,Porvenir
293366209,Curacaví,Pelarco
21105739-4,Lolol,Providencia
98.982.587-6,San Antonio,La Granja
684495316,Quellón,Iquique
21.923.886-K,Putaendo,Ercilla
19249479-6,Lago Ranco,Coltauco
173761511,Canela,Los Lagos
37162528-3,Longaví,Punta Arenas
11.161.701-5,Corral,Ercilla
32.385.287-1,Las Condes,Isla de Maipo
50676910-8,Papudo,Los Muermos
37434290-8,Pozo Almonte,San Pedro de Atacama
373578592,Malloa,Paihuaco
73.502.598-5,La Estrella,Quillón
352920983,Quillota,Río Bueno
470611197,Dalcahue,Freire
44358528-1,Estación Central,Las Condes
50.118.544-4,Navidad,María Pinto
19448182-9,El Monte,Codegua
49.895.886-9,Lumaco,O'higgins
33.694.034-6,Diego de Almagro,Juan Fernández
36605830-3,Lampa,Loncoche
65.021.589-7,Chillán,Canela
211336994,Futrono,Río Claro
24.236.698-0,Calera de Tango,María Pinto
117496392,Putaendo,La Ligua
